ID,gender,field,frequency,output,learning impact,knowledge retention,dependent on technology,restriction,free_time
5,Male,Computer Science/IT,Very frequently,strong,Significantly improved,Strongly helps,"Yes, significantly",restricted,8+ hours per week
6,Male,Computer Science/IT,Very frequently,strong,Somewhat improved,Somewhat helps,"Yes, certain areas",restricted,3-8 hours per week
7,Male,Engineering,Occasionally,strong,Significantly reduced,Somewhat hinders,"Yes, significantly",restricted,3-8 hours per week
8,Male,Natural Sciences,Very frequently,stronger,Significantly improved,Somewhat hinders,"Yes, certain areas",guidelines,8+ hours per week
9,Male,Engineering,Very frequently,strong,Significantly improved,Somewhat helps,"Yes, certain areas",restricted,3-8 hours per week
10,Male,Business/Finance,Rarely,basic,No impact,No effect,"Yes, significantly",restricted,0- 2 hours
11,Female,Other ,Rarely,basic,Somewhat improved,Somewhat helps,"Yes, significantly",free,0- 2 hours
12,Female,Business/Finance,Never,stronger,No impact,Somewhat helps,No,guidelines,0- 2 hours
13,Female,Business/Finance,Never,basic,Significantly improved,Strongly helps,"Yes, significantly",restricted,3-8 hours per week
14,Female,Computer Science/IT,Rarely,basic,Somewhat improved,Somewhat helps,"Yes, certain areas",restricted,3-8 hours per week
15,Female,Medicine/Healthcare,Very frequently,strong,Somewhat improved,Strongly helps,"Yes, significantly",Unsure,3-8 hours per week
16,Female,Other ,Very frequently,strong,Significantly improved,Strongly helps,"Yes, significantly",Unsure,3-8 hours per week
17,Female,Medicine/Healthcare,Very frequently,strong,Significantly improved,Somewhat hinders,"Yes, certain areas",Unsure,0- 2 hours
18,Female,Other ,Frequently,strong,Somewhat improved,Strongly helps,"Yes, significantly",free,8+ hours per week
19,Male,Computer Science/IT,Very frequently,strong,No impact,Strongly helps,No,Unsure,0- 2 hours
20,Female,Other ,Never,Poor,No impact,Strongly helps,"Yes, certain areas",Unsure,0- 2 hours
21,Female,Other ,Frequently,strong,Somewhat improved,No effect,No,guidelines,0- 2 hours
22,Female,Other ,Rarely,Poor,No impact,Somewhat helps,No,free,3-8 hours per week
23,Female,Other ,Occasionally,basic,Somewhat improved,Somewhat helps,No,free,3-8 hours per week
24,Female,Medicine/Healthcare,Occasionally,basic,Somewhat improved,Strongly helps,"Yes, significantly",guidelines,0- 2 hours
25,Female,Medicine/Healthcare,Very frequently,strong,Somewhat improved,Strongly hinders,"Yes, significantly",Unsure,3-8 hours per week
26,Female,Medicine/Healthcare,Frequently,stronger,Somewhat improved,Somewhat helps,"Yes, certain areas",guidelines,0- 2 hours
27,Female,Computer Science/IT,Very frequently,strong,Somewhat improved,Strongly helps,"Yes, significantly",free,8+ hours per week
28,Male,Computer Science/IT,Frequently,stronger,Significantly reduced,Somewhat helps,"Yes, significantly",restricted,8+ hours per week
29,Male,Computer Science/IT,Very frequently,strong,Somewhat decreased,Somewhat hinders,"Yes, significantly",restricted,8+ hours per week
30,Male,Computer Science/IT,Very frequently,stronger,Significantly improved,Somewhat helps,"Yes, significantly",guidelines,8+ hours per week
31,Male,Computer Science/IT,Very frequently,stronger,Significantly improved,Strongly helps,"Yes, significantly",restricted,3-8 hours per week
32,Female,Computer Science/IT,Very frequently,stronger,Somewhat improved,Somewhat helps,"Yes, certain areas",free,3-8 hours per week
33,Prefer not to state,Computer Science/IT,Rarely,basic,Somewhat improved,Somewhat helps,"Yes, certain areas",free,3-8 hours per week
34,Male,Computer Science/IT,Very frequently,strong,Significantly improved,Strongly helps,"Yes, significantly",free,3-8 hours per week
35,Female,Computer Science/IT,Very frequently,basic,Somewhat improved,Somewhat helps,"Yes, significantly",restricted,3-8 hours per week
36,Female,Computer Science/IT,Very frequently,basic,Significantly improved,Strongly helps,"Yes, certain areas",guidelines,8+ hours per week
37,Female,Computer Science/IT,Very frequently,strong,Significantly improved,Strongly helps,"Yes, significantly",restricted,0- 2 hours
38,Male,Engineering,Occasionally,basic,Somewhat improved,Strongly helps,"Yes, significantly",restricted,0- 2 hours
39,Male,Computer Science/IT,Very frequently,strong,Somewhat decreased,Somewhat hinders,"Yes, significantly",guidelines,8+ hours per week
40,Female,Computer Science/IT,Very frequently,stronger,Significantly improved,Somewhat helps,"Yes, significantly",free,3-8 hours per week
41,Male,Business/Finance,Occasionally,stronger,Somewhat improved,Somewhat helps,"Yes, certain areas",restricted,0- 2 hours
42,Male,Engineering,Occasionally,basic,Somewhat decreased,Somewhat helps,"Yes, significantly",free,0- 2 hours
43,Male,Engineering,Very frequently,basic,Significantly improved,Somewhat helps,"Yes, certain areas",guidelines,3-8 hours per week
44,Male,Engineering,Occasionally,basic,Significantly improved,Strongly helps,"Yes, significantly",restricted,0- 2 hours
45,Male,Engineering,Never,stronger,Significantly improved,Strongly helps,"Yes, significantly",restricted,3-8 hours per week
46,Male,Other ,Occasionally,strong,Somewhat improved,Somewhat helps,No,guidelines,8+ hours per week
47,Male,Engineering,Occasionally,strong,Somewhat improved,Somewhat helps,"Yes, certain areas",free,0- 2 hours
48,Male,Engineering,Occasionally,strong,Significantly improved,Somewhat helps,"Yes, significantly",guidelines,3-8 hours per week
49,Male,Other ,Never,Poor,No impact,Strongly helps,"Yes, significantly",guidelines,3-8 hours per week
50,Male,Humanities/Social Sciences,Very frequently,strong,Significantly improved,Somewhat helps,"Yes, certain areas",free,3-8 hours per week
51,Male,Computer Science/IT,Frequently,basic,Significantly improved,Strongly helps,"Yes, certain areas",guidelines,8+ hours per week
52,Male,Computer Science/IT,Frequently,strong,Somewhat decreased,Somewhat hinders,"Yes, significantly",restricted,8+ hours per week
53,Male,Computer Science/IT,Very frequently,strong,Somewhat decreased,Somewhat hinders,"Yes, certain areas",restricted,3-8 hours per week
54,Male,Computer Science/IT,Very frequently,basic,Somewhat improved,Somewhat hinders,"Yes, significantly",guidelines,8+ hours per week
55,Male,Computer Science/IT,Occasionally,strong,Somewhat improved,Somewhat hinders,"Yes, significantly",free,8+ hours per week
56,Female,Engineering,Occasionally,basic,No impact,Somewhat helps,"Yes, significantly",guidelines,0- 2 hours
57,Female,Business/Finance,Very frequently,stronger,Significantly improved,No effect,"Yes, certain areas",guidelines,8+ hours per week
58,Male,Computer Science/IT,Very frequently,basic,Somewhat improved,Strongly helps,"Yes, certain areas",free,3-8 hours per week
59,Male,Computer Science/IT,Very frequently,strong,Significantly improved,Somewhat helps,"Yes, significantly",free,3-8 hours per week
60,Male,Computer Science/IT,Frequently,stronger,Significantly reduced,Strongly hinders,"Yes, significantly",guidelines,8+ hours per week
61,Male,Business/Finance,Frequently,strong,Significantly improved,Somewhat helps,"Yes, certain areas",guidelines,8+ hours per week
62,Male,Computer Science/IT,Occasionally,strong,Significantly improved,Strongly helps,"Yes, significantly",guidelines,8+ hours per week
63,Male,Business/Finance,Frequently,basic,Somewhat decreased,Somewhat hinders,"Yes, significantly",guidelines,8+ hours per week
64,Female,Business/Finance,Very frequently,strong,Significantly improved,Strongly helps,No,free,3-8 hours per week
65,Female,Computer Science/IT,Very frequently,basic,Somewhat improved,Somewhat hinders,"Yes, certain areas",guidelines,8+ hours per week
66,Female,Engineering,Frequently,Poor,Significantly improved,Somewhat hinders,"Yes, significantly",guidelines,3-8 hours per week
67,Prefer not to state,Medicine/Healthcare,Frequently,basic,Somewhat improved,Somewhat helps,"Yes, significantly",guidelines,8+ hours per week
68,Female,Computer Science/IT,Frequently,stronger,Significantly improved,Strongly helps,"Yes, certain areas",guidelines,8+ hours per week
69,Male,Computer Science/IT,Rarely,strong,Somewhat improved,Somewhat helps,"Yes, certain areas",restricted,0- 2 hours
70,Male,Medicine/Healthcare,Occasionally,strong,Somewhat improved,Somewhat hinders,"Yes, significantly",guidelines,8+ hours per week
71,Female,Engineering,Very frequently,stronger,Somewhat improved,Somewhat helps,No,guidelines,8+ hours per week
72,Female,Business/Finance,Frequently,strong,No impact,Strongly helps,"Yes, significantly",free,3-8 hours per week
73,Male,Engineering,Very frequently,stronger,Significantly improved,Strongly helps,No,restricted,3-8 hours per week
74,Female,Computer Science/IT,Frequently,basic,Significantly improved,Strongly helps,"Yes, significantly",free,0- 2 hours
75,Female,Medicine/Healthcare,Very frequently,stronger,Significantly improved,Strongly helps,"Yes, certain areas",free,8+ hours per week
76,Female,Computer Science/IT,Very frequently,strong,Significantly reduced,Somewhat helps,"Yes, significantly",guidelines,0- 2 hours
77,Male,Natural Sciences,Occasionally,stronger,Significantly improved,Strongly helps,"Yes, certain areas",guidelines,3-8 hours per week
78,Female,Business/Finance,Frequently,basic,Significantly improved,Strongly helps,"Yes, certain areas",free,8+ hours per week
79,Female,Medicine/Healthcare,Occasionally,strong,Significantly improved,Strongly helps,"Yes, certain areas",guidelines,8+ hours per week
80,Female,Other ,Frequently,strong,Significantly improved,Strongly helps,"Yes, certain areas",Unsure,0- 2 hours
81,Female,Computer Science/IT,Very frequently,basic,Significantly improved,No effect,"Yes, significantly",restricted,8+ hours per week
82,Male,Computer Science/IT,Very frequently,stronger,Somewhat improved,Strongly helps,"Yes, significantly",free,8+ hours per week
83,Female,Business/Finance,Very frequently,strong,Significantly improved,Somewhat helps,"Yes, significantly",guidelines,3-8 hours per week
84,Male,Business/Finance,Very frequently,strong,Somewhat improved,Somewhat helps,No,guidelines,0- 2 hours
85,Male,Engineering,Rarely,strong,Significantly improved,No effect,No,restricted,3-8 hours per week
86,Female,Business/Finance,Occasionally,strong,Significantly improved,Somewhat helps,"Yes, certain areas",free,3-8 hours per week
87,Male,Computer Science/IT,Frequently,stronger,Somewhat improved,Strongly helps,"Yes, certain areas",guidelines,8+ hours per week
88,Female,Business/Finance,Very frequently,stronger,Significantly improved,No effect,"Yes, certain areas",restricted,8+ hours per week
89,Female,Medicine/Healthcare,Frequently,strong,Somewhat improved,Strongly helps,No,guidelines,8+ hours per week
90,Female,Business/Finance,Very frequently,stronger,Significantly improved,Somewhat helps,"Yes, certain areas",guidelines,8+ hours per week
91,Female,Computer Science/IT,Very frequently,strong,Significantly improved,Strongly helps,No,guidelines,8+ hours per week
92,Male,Business/Finance,Frequently,strong,Somewhat improved,Somewhat helps,"Yes, certain areas",free,3-8 hours per week
93,Female,Business/Finance,Frequently,basic,Somewhat improved,Somewhat helps,"Yes, significantly",free,0- 2 hours
94,Female,Business/Finance,Occasionally,stronger,Somewhat improved,Somewhat helps,No,guidelines,3-8 hours per week
95,Female,Computer Science/IT,Frequently,stronger,Somewhat improved,Somewhat helps,"Yes, certain areas",guidelines,8+ hours per week
96,Male,Business/Finance,Very frequently,stronger,Significantly improved,Strongly helps,"Yes, significantly",guidelines,8+ hours per week
97,Male,Engineering,Frequently,strong,Significantly improved,Strongly helps,No,guidelines,8+ hours per week
98,Female,Business/Finance,Never,basic,No impact,No effect,No,guidelines,3-8 hours per week
99,Female,Medicine/Healthcare,Frequently,stronger,Significantly improved,Strongly helps,"Yes, certain areas",restricted,8+ hours per week
100,Male,Engineering,Very frequently,basic,Somewhat improved,No effect,"Yes, certain areas",guidelines,8+ hours per week
101,Male,Business/Finance,Very frequently,strong,Significantly improved,Strongly helps,"Yes, significantly",free,3-8 hours per week
102,Female,Medicine/Healthcare,Occasionally,basic,Significantly improved,Somewhat helps,"Yes, significantly",restricted,3-8 hours per week
103,Male,Engineering,Frequently,strong,Somewhat decreased,Somewhat helps,"Yes, significantly",guidelines,8+ hours per week
104,Male,Computer Science/IT,Occasionally,strong,Somewhat improved,Strongly helps,"Yes, certain areas",guidelines,8+ hours per week
105,Male,Engineering,Occasionally,strong,Significantly improved,Strongly helps,"Yes, significantly",guidelines,8+ hours per week
106,Female,Medicine/Healthcare,Very frequently,basic,No impact,No effect,No,guidelines,3-8 hours per week
107,Female,Engineering,Frequently,strong,Somewhat improved,Somewhat helps,"Yes, certain areas",guidelines,3-8 hours per week
108,Male,Engineering,Frequently,strong,Significantly improved,Somewhat helps,"Yes, certain areas",free,3-8 hours per week
109,Female,Engineering,Frequently,stronger,Significantly improved,Somewhat helps,"Yes, significantly",guidelines,0- 2 hours
110,Male,Computer Science/IT,Frequently,strong,Somewhat improved,Somewhat helps,"Yes, certain areas",guidelines,3-8 hours per week
111,Female,Computer Science/IT,Frequently,stronger,Significantly improved,Strongly helps,"Yes, significantly",guidelines,3-8 hours per week
112,Female,Engineering,Very frequently,strong,Somewhat improved,Somewhat helps,No,guidelines,0- 2 hours
113,Male,Computer Science/IT,Very frequently,stronger,Significantly improved,Strongly helps,No,Unsure,8+ hours per week
114,Male,Engineering,Occasionally,strong,Significantly improved,Somewhat helps,"Yes, significantly",guidelines,8+ hours per week
115,Male,Business/Finance,Frequently,basic,Somewhat improved,Somewhat helps,"Yes, certain areas",guidelines,3-8 hours per week
116,Male,Engineering,Occasionally,strong,Significantly improved,Strongly helps,"Yes, certain areas",guidelines,0- 2 hours
117,Prefer not to state,Engineering,Occasionally,basic,No impact,No effect,"Yes, certain areas",restricted,0- 2 hours
118,Female,Other ,Occasionally,basic,Significantly improved,Strongly helps,No,free,3-8 hours per week
119,Female,Business/Finance,Very frequently,stronger,Significantly reduced,Somewhat helps,"Yes, significantly",guidelines,0- 2 hours
120,Female,Business/Finance,Occasionally,strong,Somewhat decreased,Somewhat hinders,"Yes, significantly",guidelines,8+ hours per week
121,Female,Business/Finance,Frequently,strong,Somewhat improved,Strongly helps,"Yes, certain areas",free,0- 2 hours
122,Female,Business/Finance,Occasionally,basic,No impact,Somewhat helps,"Yes, certain areas",guidelines,8+ hours per week
123,Male,Business/Finance,Rarely,strong,No impact,No effect,No,Unsure,0- 2 hours
124,Male,Engineering,Rarely,basic,Somewhat improved,Somewhat hinders,"Yes, certain areas",Unsure,8+ hours per week
125,Female,Engineering,Occasionally,basic,Significantly improved,Strongly helps,"Yes, significantly",restricted,3-8 hours per week
126,Female,Computer Science/IT,Never,basic,No impact,Somewhat hinders,"Yes, certain areas",restricted,3-8 hours per week
127,Male,Business/Finance,Occasionally,strong,Significantly improved,Strongly helps,"Yes, significantly",guidelines,3-8 hours per week
128,Female,Business/Finance,Occasionally,strong,Somewhat improved,Somewhat helps,"Yes, certain areas",free,3-8 hours per week
129,Male,Engineering,Occasionally,basic,Somewhat decreased,Somewhat hinders,"Yes, significantly",restricted,3-8 hours per week
130,Male,Engineering,Occasionally,basic,Significantly improved,No effect,"Yes, significantly",free,3-8 hours per week
131,Male,Medicine/Healthcare,Frequently,strong,Somewhat improved,Somewhat helps,"Yes, certain areas",guidelines,8+ hours per week
132,Female,Engineering,Occasionally,basic,Somewhat improved,Somewhat hinders,"Yes, significantly",guidelines,8+ hours per week
133,Female,Medicine/Healthcare,Occasionally,basic,Somewhat improved,No effect,"Yes, significantly",guidelines,3-8 hours per week
134,Female,Engineering,Very frequently,stronger,Somewhat decreased,Somewhat helps,"Yes, significantly",guidelines,8+ hours per week
135,Female,Computer Science/IT,Frequently,strong,Somewhat improved,Somewhat helps,"Yes, certain areas",free,8+ hours per week
136,Female,Business/Finance,Very frequently,strong,Significantly improved,Strongly helps,"Yes, certain areas",guidelines,8+ hours per week
137,Female,Business/Finance,Frequently,stronger,Significantly improved,Strongly helps,"Yes, certain areas",guidelines,3-8 hours per week
138,Female,Computer Science/IT,Very frequently,strong,Somewhat improved,Somewhat helps,"Yes, certain areas",restricted,3-8 hours per week
139,Male,Computer Science/IT,Very frequently,strong,Somewhat improved,Somewhat helps,"Yes, certain areas",guidelines,3-8 hours per week
140,Female,Engineering,Occasionally,strong,Somewhat improved,Somewhat hinders,"Yes, certain areas",guidelines,0- 2 hours
141,Female,Computer Science/IT,Very frequently,strong,Somewhat improved,Somewhat helps,"Yes, significantly",restricted,8+ hours per week
142,Female,Medicine/Healthcare,Rarely,basic,Somewhat improved,Somewhat helps,"Yes, significantly",Unsure,0- 2 hours
143,Female,Other ,Frequently,strong,Somewhat improved,Somewhat hinders,"Yes, significantly",guidelines,8+ hours per week
144,Female,Medicine/Healthcare,Frequently,basic,Significantly improved,Somewhat helps,"Yes, significantly",restricted,3-8 hours per week
145,Female,Computer Science/IT,Very frequently,strong,Significantly improved,Somewhat helps,"Yes, certain areas",guidelines,8+ hours per week
146,Male,Computer Science/IT,Frequently,strong,No impact,Somewhat hinders,"Yes, significantly",free,8+ hours per week
147,Male,Engineering,Very frequently,basic,Somewhat improved,Somewhat helps,"Yes, certain areas",guidelines,0- 2 hours
148,Female,Engineering,Very frequently,strong,Somewhat improved,Somewhat helps,"Yes, certain areas",free,8+ hours per week
149,Male,Engineering,Very frequently,stronger,Significantly improved,Strongly helps,No,free,8+ hours per week
150,Male,Business/Finance,Frequently,strong,Somewhat improved,Somewhat helps,"Yes, certain areas",guidelines,3-8 hours per week
151,Female,Business/Finance,Occasionally,basic,Somewhat improved,Somewhat helps,"Yes, certain areas",restricted,3-8 hours per week
152,Female,Engineering,Frequently,stronger,Significantly improved,Strongly helps,No,guidelines,8+ hours per week
153,Male,Engineering,Very frequently,basic,Significantly improved,Somewhat hinders,No,restricted,3-8 hours per week
154,Female,Engineering,Occasionally,basic,Significantly improved,Somewhat helps,"Yes, significantly",restricted,3-8 hours per week
155,Male,Engineering,Frequently,stronger,Significantly improved,Strongly helps,"Yes, certain areas",free,8+ hours per week
156,Male,Computer Science/IT,Rarely,strong,Significantly improved,Somewhat helps,No,free,3-8 hours per week
157,Female,Business/Finance,Occasionally,strong,Significantly improved,Somewhat helps,"Yes, certain areas",guidelines,0- 2 hours
158,Male,Engineering,Frequently,basic,Somewhat improved,Somewhat helps,"Yes, significantly",guidelines,8+ hours per week
159,Female,Computer Science/IT,Very frequently,stronger,Significantly improved,Somewhat helps,"Yes, certain areas",free,3-8 hours per week
160,Male,Medicine/Healthcare,Occasionally,strong,Somewhat improved,Somewhat hinders,"Yes, significantly",guidelines,0- 2 hours
161,Female,Business/Finance,Frequently,stronger,Significantly improved,Strongly helps,"Yes, certain areas",guidelines,8+ hours per week
162,Female,Engineering,Frequently,basic,Significantly improved,Somewhat helps,"Yes, significantly",guidelines,3-8 hours per week
163,Female,Business/Finance,Occasionally,stronger,Significantly improved,Strongly helps,"Yes, significantly",free,8+ hours per week
164,Female,Other ,Very frequently,basic,Significantly improved,Strongly helps,"Yes, significantly",free,8+ hours per week
165,Male,Engineering,Very frequently,stronger,Significantly improved,Strongly helps,"Yes, certain areas",free,8+ hours per week
166,Male,Computer Science/IT,Occasionally,basic,Somewhat improved,No effect,No,free,3-8 hours per week
167,Female,Engineering,Occasionally,strong,Somewhat improved,Strongly helps,"Yes, significantly",guidelines,0- 2 hours
168,Female,Business/Finance,Frequently,basic,Significantly improved,Somewhat helps,"Yes, certain areas",guidelines,3-8 hours per week
169,Female,Engineering,Never,stronger,No impact,Strongly helps,"Yes, significantly",free,0- 2 hours
170,Female,Engineering,Frequently,stronger,Significantly improved,Somewhat helps,"Yes, significantly",free,0- 2 hours
171,Male,Engineering,Very frequently,basic,Somewhat improved,Somewhat helps,No,restricted,0- 2 hours
172,Prefer not to state,Engineering,Frequently,strong,Significantly improved,Somewhat helps,No,guidelines,3-8 hours per week
173,Female,Engineering,Very frequently,strong,Somewhat decreased,No effect,"Yes, significantly",guidelines,3-8 hours per week
174,Female,Business/Finance,Frequently,stronger,No impact,Somewhat helps,"Yes, significantly",restricted,0- 2 hours
175,Female,Engineering,Frequently,basic,Somewhat improved,Somewhat hinders,"Yes, significantly",guidelines,8+ hours per week
176,Male,Business/Finance,Frequently,strong,Significantly improved,Strongly helps,"Yes, certain areas",guidelines,3-8 hours per week
177,Male,Engineering,Frequently,strong,Somewhat improved,Strongly helps,"Yes, certain areas",guidelines,8+ hours per week
178,Male,Business/Finance,Frequently,strong,Significantly improved,Strongly helps,"Yes, significantly",free,8+ hours per week
179,Male,Engineering,Occasionally,basic,Somewhat improved,Somewhat helps,No,restricted,3-8 hours per week
180,Male,Engineering,Frequently,strong,Somewhat improved,Somewhat helps,No,free,8+ hours per week
181,Female,Business/Finance,Frequently,strong,Significantly improved,Somewhat hinders,"Yes, significantly",guidelines,3-8 hours per week
182,Female,Business/Finance,Very frequently,stronger,Somewhat decreased,Somewhat hinders,"Yes, certain areas",free,3-8 hours per week
183,Female,Business/Finance,Rarely,basic,Somewhat improved,No effect,No,guidelines,0- 2 hours
184,Female,Business/Finance,Very frequently,strong,Significantly improved,Somewhat helps,"Yes, certain areas",guidelines,3-8 hours per week
185,Female,Business/Finance,Frequently,stronger,Significantly improved,Strongly helps,No,guidelines,3-8 hours per week
186,Female,Other ,Occasionally,stronger,Significantly improved,Somewhat hinders,"Yes, significantly",guidelines,8+ hours per week
187,Female,Engineering,Occasionally,stronger,Somewhat improved,Strongly helps,"Yes, certain areas",guidelines,8+ hours per week
188,Male,Business/Finance,Very frequently,strong,Somewhat improved,Somewhat helps,"Yes, significantly",free,3-8 hours per week
189,Female,Business/Finance,Very frequently,stronger,Significantly improved,Strongly helps,"Yes, certain areas",free,8+ hours per week
190,Female,Business/Finance,Frequently,basic,Significantly improved,Somewhat helps,No,guidelines,8+ hours per week
191,Female,Engineering,Occasionally,strong,Significantly improved,No effect,No,free,0- 2 hours
192,Female,Other ,Rarely,basic,Somewhat improved,Somewhat hinders,"Yes, significantly",guidelines,8+ hours per week
193,Female,Computer Science/IT,Frequently,strong,Significantly reduced,No effect,"Yes, certain areas",guidelines,8+ hours per week
194,Female,Business/Finance,Very frequently,strong,Somewhat improved,Somewhat hinders,"Yes, significantly",free,8+ hours per week
195,Male,Computer Science/IT,Occasionally,strong,Somewhat decreased,Somewhat hinders,"Yes, significantly",restricted,8+ hours per week
196,Male,Computer Science/IT,Very frequently,basic,Significantly improved,Somewhat helps,"Yes, certain areas",free,3-8 hours per week
197,Female,Medicine/Healthcare,Frequently,basic,Significantly improved,Strongly helps,"Yes, certain areas",guidelines,8+ hours per week
198,Male,Business/Finance,Occasionally,basic,Somewhat improved,Somewhat hinders,"Yes, significantly",restricted,3-8 hours per week
199,Female,Engineering,Frequently,stronger,Somewhat improved,Strongly helps,"Yes, certain areas",free,8+ hours per week
200,Female,Medicine/Healthcare,Very frequently,strong,Somewhat improved,Somewhat helps,"Yes, certain areas",guidelines,0- 2 hours
201,Female,Engineering,Frequently,basic,Significantly improved,Strongly helps,"Yes, significantly",guidelines,8+ hours per week
202,Female,Engineering,Frequently,strong,Significantly improved,Strongly helps,No,guidelines,8+ hours per week
203,Male,Business/Finance,Rarely,strong,Significantly reduced,No effect,No,free,0- 2 hours
204,Female,Engineering,Very frequently,strong,Significantly improved,Somewhat helps,"Yes, certain areas",guidelines,8+ hours per week
205,Female,Business/Finance,Frequently,stronger,Significantly improved,Somewhat helps,"Yes, certain areas",guidelines,8+ hours per week
206,Male,Engineering,Very frequently,strong,Significantly improved,Somewhat helps,"Yes, significantly",free,8+ hours per week
207,Female,Business/Finance,Frequently,strong,Somewhat improved,Somewhat helps,No,guidelines,8+ hours per week
208,Male,Business/Finance,Very frequently,stronger,Significantly improved,Somewhat helps,"Yes, significantly",restricted,8+ hours per week
209,Male,Medicine/Healthcare,Occasionally,basic,Somewhat improved,Strongly helps,"Yes, certain areas",guidelines,8+ hours per week
210,Male,Business/Finance,Rarely,basic,Significantly improved,Somewhat helps,"Yes, certain areas",free,8+ hours per week
211,Female,Computer Science/IT,Occasionally,stronger,Somewhat improved,Strongly helps,"Yes, significantly",guidelines,3-8 hours per week
212,Female,Engineering,Frequently,basic,No impact,Somewhat helps,"Yes, certain areas",Unsure,3-8 hours per week
213,Female,Computer Science/IT,Frequently,basic,Somewhat improved,Strongly helps,"Yes, significantly",free,3-8 hours per week
214,Female,Computer Science/IT,Very frequently,stronger,Significantly improved,Strongly helps,"Yes, certain areas",restricted,8+ hours per week
215,Male,Computer Science/IT,Rarely,basic,Somewhat improved,Somewhat helps,No,free,8+ hours per week
216,Female,Engineering,Occasionally,stronger,Significantly improved,Strongly helps,No,free,3-8 hours per week
217,Female,Computer Science/IT,Frequently,strong,Significantly reduced,Somewhat helps,"Yes, significantly",guidelines,3-8 hours per week
218,Female,Engineering,Occasionally,basic,Somewhat improved,Somewhat helps,"Yes, certain areas",free,0- 2 hours
219,Female,Medicine/Healthcare,Rarely,basic,Somewhat improved,Somewhat helps,"Yes, certain areas",guidelines,3-8 hours per week
220,Female,Business/Finance,Occasionally,basic,Somewhat improved,Strongly helps,No,guidelines,3-8 hours per week
221,Male,Business/Finance,Frequently,strong,Somewhat improved,Strongly helps,"Yes, significantly",guidelines,3-8 hours per week
222,Female,Computer Science/IT,Rarely,basic,No impact,Strongly helps,No,Unsure,0- 2 hours
223,Female,Engineering,Very frequently,strong,Significantly improved,Strongly helps,"Yes, significantly",free,3-8 hours per week
224,Female,Business/Finance,Frequently,strong,Somewhat improved,Strongly helps,"Yes, certain areas",free,0- 2 hours
225,Male,Engineering,Occasionally,stronger,Significantly improved,Strongly helps,"Yes, significantly",Unsure,0- 2 hours
226,Male,Computer Science/IT,Frequently,strong,Significantly improved,Strongly helps,"Yes, certain areas",restricted,8+ hours per week
227,Male,Engineering,Very frequently,stronger,Somewhat improved,Strongly helps,"Yes, significantly",Unsure,8+ hours per week
228,Male,Engineering,Occasionally,strong,Significantly improved,Strongly helps,"Yes, certain areas",free,8+ hours per week
229,Female,Engineering,Frequently,strong,Significantly improved,Strongly helps,"Yes, certain areas",guidelines,8+ hours per week
230,Female,Computer Science/IT,Frequently,basic,Somewhat improved,Somewhat helps,"Yes, significantly",guidelines,0- 2 hours
231,Male,Engineering,Frequently,stronger,No impact,No effect,"Yes, certain areas",guidelines,0- 2 hours
232,Female,Business/Finance,Very frequently,stronger,Significantly improved,Strongly helps,"Yes, significantly",guidelines,8+ hours per week
233,Female,Computer Science/IT,Occasionally,strong,Somewhat improved,Somewhat helps,"Yes, significantly",free,0- 2 hours
234,Male,Engineering,Frequently,stronger,Somewhat improved,Somewhat helps,"Yes, significantly",guidelines,8+ hours per week
235,Female,Business/Finance,Very frequently,strong,Significantly improved,Somewhat helps,"Yes, significantly",guidelines,8+ hours per week
236,Female,Computer Science/IT,Occasionally,strong,No impact,Somewhat helps,"Yes, certain areas",guidelines,0- 2 hours
237,Male,Computer Science/IT,Frequently,strong,Significantly improved,Somewhat hinders,No,guidelines,8+ hours per week
238,Female,Business/Finance,Frequently,stronger,Significantly improved,Somewhat helps,"Yes, significantly",guidelines,3-8 hours per week
239,Female,Engineering,Very frequently,strong,Significantly improved,Strongly helps,"Yes, significantly",guidelines,3-8 hours per week
240,Female,Business/Finance,Frequently,strong,Significantly improved,Somewhat helps,"Yes, certain areas",free,8+ hours per week
241,Male,Business/Finance,Very frequently,basic,Significantly reduced,Strongly hinders,"Yes, significantly",free,3-8 hours per week
242,Male,Computer Science/IT,Rarely,strong,Somewhat improved,Somewhat helps,"Yes, certain areas",guidelines,8+ hours per week
243,Male,Computer Science/IT,Frequently,strong,Significantly improved,Somewhat helps,"Yes, certain areas",free,8+ hours per week
244,Male,Computer Science/IT,Very frequently,basic,No impact,Somewhat helps,"Yes, certain areas",free,3-8 hours per week
245,Female,Business/Finance,Frequently,strong,Somewhat improved,Somewhat helps,"Yes, certain areas",Unsure,8+ hours per week
246,Male,Business/Finance,Occasionally,strong,Somewhat improved,Somewhat hinders,"Yes, certain areas",free,8+ hours per week
247,Female,Computer Science/IT,Frequently,stronger,Significantly improved,Somewhat helps,"Yes, significantly",guidelines,8+ hours per week
248,Female,Engineering,Frequently,strong,Somewhat decreased,Somewhat hinders,"Yes, significantly",guidelines,8+ hours per week
249,Female,Business/Finance,Rarely,strong,Somewhat improved,Somewhat hinders,"Yes, significantly",guidelines,0- 2 hours
250,Female,Medicine/Healthcare,Occasionally,stronger,Somewhat improved,No effect,No,guidelines,8+ hours per week
251,Male,Engineering,Frequently,strong,Somewhat improved,Somewhat helps,"Yes, certain areas",restricted,3-8 hours per week
252,Male,Engineering,Rarely,basic,Somewhat improved,Somewhat helps,"Yes, significantly",guidelines,0- 2 hours
253,Male,Business/Finance,Occasionally,basic,Somewhat improved,Somewhat hinders,"Yes, significantly",free,8+ hours per week
254,Female,Engineering,Never,basic,Somewhat improved,Somewhat helps,No,Unsure,0- 2 hours
255,Male,Engineering,Frequently,basic,Significantly improved,Somewhat helps,"Yes, significantly",guidelines,8+ hours per week
256,Female,Business/Finance,Frequently,stronger,Significantly improved,Somewhat hinders,"Yes, significantly",guidelines,8+ hours per week
257,Female,Medicine/Healthcare,Very frequently,stronger,Significantly improved,Strongly helps,"Yes, significantly",Unsure,0- 2 hours
258,Male,Business/Finance,Occasionally,basic,No impact,Somewhat helps,"Yes, certain areas",restricted,3-8 hours per week
259,Male,Engineering,Occasionally,strong,Somewhat improved,No effect,"Yes, certain areas",guidelines,8+ hours per week
260,Female,Business/Finance,Frequently,stronger,Significantly reduced,Strongly helps,"Yes, significantly",free,0- 2 hours
261,Female,Business/Finance,Occasionally,strong,Somewhat improved,Somewhat helps,"Yes, significantly",restricted,3-8 hours per week
262,Female,Business/Finance,Very frequently,stronger,Significantly improved,Strongly helps,"Yes, significantly",guidelines,8+ hours per week
263,Female,Medicine/Healthcare,Frequently,strong,Significantly improved,Strongly helps,No,guidelines,3-8 hours per week
264,Male,Business/Finance,Occasionally,strong,Somewhat improved,Somewhat helps,"Yes, certain areas",free,0- 2 hours
265,Female,Engineering,Very frequently,strong,Significantly improved,Strongly helps,"Yes, significantly",restricted,8+ hours per week
266,Female,Business/Finance,Rarely,basic,No impact,Somewhat hinders,"Yes, significantly",restricted,3-8 hours per week
267,Male,Engineering,Occasionally,strong,Somewhat improved,Somewhat helps,"Yes, certain areas",free,8+ hours per week
268,Male,Engineering,Frequently,strong,Significantly improved,Strongly helps,"Yes, certain areas",guidelines,8+ hours per week
269,Female,Business/Finance,Occasionally,basic,Somewhat improved,Somewhat helps,"Yes, significantly",restricted,8+ hours per week
270,Female,Medicine/Healthcare,Rarely,strong,Somewhat improved,Somewhat hinders,"Yes, significantly",guidelines,8+ hours per week
271,Female,Engineering,Occasionally,strong,Significantly improved,Somewhat helps,"Yes, significantly",free,8+ hours per week
272,Prefer not to state,Medicine/Healthcare,Very frequently,strong,Somewhat improved,Somewhat helps,"Yes, certain areas",restricted,0- 2 hours
273,Male,Engineering,Occasionally,basic,Somewhat improved,Somewhat helps,"Yes, certain areas",guidelines,0- 2 hours
274,Female,Business/Finance,Rarely,strong,Significantly improved,Strongly helps,"Yes, certain areas",guidelines,3-8 hours per week
275,Male,Engineering,Frequently,stronger,Significantly improved,Somewhat helps,"Yes, certain areas",guidelines,3-8 hours per week
276,Male,Business/Finance,Frequently,strong,Somewhat improved,Strongly helps,No,guidelines,8+ hours per week
277,Male,Business/Finance,Occasionally,strong,No impact,Somewhat helps,No,guidelines,0- 2 hours
278,Female,Business/Finance,Very frequently,stronger,Significantly improved,Strongly helps,No,restricted,8+ hours per week
279,Female,Computer Science/IT,Frequently,strong,Significantly improved,Strongly helps,"Yes, certain areas",guidelines,0- 2 hours
280,Female,Business/Finance,Very frequently,strong,Significantly improved,Strongly helps,"Yes, significantly",restricted,0- 2 hours
281,Female,Business/Finance,Rarely,strong,Somewhat improved,Somewhat helps,"Yes, significantly",guidelines,0- 2 hours
282,Male,Business/Finance,Never,Poor,No impact,No effect,"Yes, significantly",Unsure,0- 2 hours
283,Male,Computer Science/IT,Frequently,stronger,Significantly improved,Somewhat helps,"Yes, significantly",guidelines,3-8 hours per week
284,Male,Business/Finance,Frequently,basic,Somewhat improved,Somewhat helps,"Yes, certain areas",Unsure,8+ hours per week
285,Female,Business/Finance,Occasionally,basic,Somewhat improved,Somewhat helps,"Yes, certain areas",guidelines,3-8 hours per week
286,Female,Medicine/Healthcare,Frequently,basic,Somewhat improved,Somewhat helps,"Yes, certain areas",guidelines,8+ hours per week
287,Female,Business/Finance,Very frequently,strong,Somewhat decreased,Somewhat hinders,"Yes, certain areas",guidelines,3-8 hours per week
288,Female,Medicine/Healthcare,Very frequently,stronger,Significantly improved,Strongly helps,"Yes, significantly",guidelines,8+ hours per week
289,Male,Engineering,Occasionally,basic,Somewhat improved,Somewhat helps,"Yes, significantly",restricted,3-8 hours per week
290,Female,Business/Finance,Never,stronger,Significantly reduced,Somewhat helps,"Yes, significantly",restricted,3-8 hours per week
291,Female,Business/Finance,Very frequently,strong,Significantly improved,Strongly helps,"Yes, certain areas",guidelines,8+ hours per week
292,Female,Engineering,Very frequently,stronger,Significantly improved,Strongly helps,"Yes, significantly",restricted,8+ hours per week
293,Female,Business/Finance,Occasionally,stronger,Significantly improved,Strongly helps,"Yes, certain areas",guidelines,3-8 hours per week
294,Female,Business/Finance,Occasionally,strong,Somewhat improved,Somewhat helps,"Yes, certain areas",guidelines,8+ hours per week
295,Female,Business/Finance,Occasionally,strong,Somewhat improved,Somewhat hinders,"Yes, significantly",restricted,8+ hours per week
296,Female,Business/Finance,Frequently,strong,Significantly improved,Somewhat helps,No,guidelines,3-8 hours per week
297,Female,Computer Science/IT,Occasionally,strong,Significantly improved,Somewhat helps,"Yes, certain areas",guidelines,8+ hours per week
298,Male,Business/Finance,Rarely,stronger,Somewhat improved,Strongly helps,"Yes, certain areas",guidelines,8+ hours per week
299,Female,Business/Finance,Rarely,strong,Somewhat improved,No effect,"Yes, certain areas",guidelines,3-8 hours per week
300,Female,Business/Finance,Very frequently,strong,Significantly improved,Strongly helps,No,guidelines,3-8 hours per week
301,Female,Business/Finance,Very frequently,stronger,Significantly improved,Strongly helps,"Yes, significantly",free,8+ hours per week
302,Male,Computer Science/IT,Occasionally,strong,No impact,No effect,No,free,3-8 hours per week
303,Male,Engineering,Occasionally,stronger,Significantly improved,Strongly helps,"Yes, certain areas",guidelines,3-8 hours per week
304,Female,Computer Science/IT,Very frequently,strong,Significantly improved,Strongly helps,"Yes, certain areas",guidelines,8+ hours per week
305,Male,Engineering,Frequently,strong,Somewhat improved,Somewhat helps,"Yes, significantly",guidelines,8+ hours per week
306,Male,Engineering,Very frequently,stronger,Significantly improved,Strongly helps,"Yes, certain areas",free,8+ hours per week
307,Female,Engineering,Very frequently,strong,Significantly improved,Somewhat helps,"Yes, certain areas",free,3-8 hours per week
308,Male,Engineering,Occasionally,strong,No impact,Somewhat helps,"Yes, certain areas",guidelines,8+ hours per week
309,Male,Computer Science/IT,Very frequently,strong,Somewhat improved,Somewhat helps,"Yes, significantly",restricted,8+ hours per week
310,Prefer not to state,Computer Science/IT,Frequently,stronger,Significantly reduced,Strongly helps,"Yes, significantly",guidelines,3-8 hours per week
311,Female,Business/Finance,Frequently,strong,Somewhat improved,Somewhat helps,"Yes, certain areas",guidelines,8+ hours per week
312,Male,Engineering,Very frequently,stronger,Significantly improved,Strongly helps,"Yes, significantly",guidelines,8+ hours per week
313,Female,Computer Science/IT,Frequently,basic,Significantly improved,Strongly helps,"Yes, certain areas",guidelines,8+ hours per week
314,Male,Humanities/Social Sciences,Very frequently,strong,Significantly improved,Somewhat helps,"Yes, certain areas",guidelines,8+ hours per week
315,Female,Business/Finance,Very frequently,stronger,Significantly reduced,Strongly helps,"Yes, certain areas",free,8+ hours per week
316,Female,Engineering,Frequently,stronger,Somewhat improved,No effect,"Yes, significantly",free,0- 2 hours
317,Male,Engineering,Frequently,basic,Significantly improved,No effect,"Yes, significantly",free,0- 2 hours
318,Male,Computer Science/IT,Very frequently,strong,Significantly improved,Somewhat helps,"Yes, certain areas",guidelines,8+ hours per week
319,Female,Computer Science/IT,Frequently,basic,Somewhat improved,Somewhat helps,"Yes, significantly",free,8+ hours per week
320,Prefer not to state,Engineering,Rarely,strong,No impact,Somewhat hinders,"Yes, significantly",restricted,8+ hours per week
321,Male,Computer Science/IT,Very frequently,basic,Somewhat improved,Somewhat helps,"Yes, significantly",guidelines,8+ hours per week
322,Female,Business/Finance,Very frequently,stronger,Significantly improved,Somewhat helps,No,guidelines,8+ hours per week
323,Male,Business/Finance,Very frequently,strong,Significantly improved,Strongly helps,"Yes, significantly",guidelines,8+ hours per week
324,Male,Engineering,Occasionally,strong,Somewhat improved,No effect,"Yes, certain areas",restricted,3-8 hours per week
325,Female,Business/Finance,Frequently,strong,No impact,Somewhat hinders,"Yes, significantly",guidelines,3-8 hours per week
326,Female,Business/Finance,Occasionally,stronger,Significantly improved,Somewhat helps,"Yes, certain areas",guidelines,0- 2 hours
327,Female,Medicine/Healthcare,Rarely,stronger,Somewhat improved,Somewhat helps,"Yes, significantly",Unsure,0- 2 hours
328,Female,Engineering,Rarely,basic,No impact,Somewhat hinders,"Yes, significantly",guidelines,0- 2 hours
329,Male,Engineering,Occasionally,basic,Somewhat improved,Somewhat helps,"Yes, certain areas",restricted,8+ hours per week
330,Female,Business/Finance,Occasionally,basic,Somewhat improved,Somewhat helps,"Yes, significantly",restricted,3-8 hours per week
331,Female,Business/Finance,Occasionally,basic,No impact,Somewhat helps,"Yes, significantly",guidelines,8+ hours per week
332,Male,Engineering,Occasionally,strong,Significantly improved,Strongly helps,"Yes, certain areas",free,8+ hours per week
333,Male,Business/Finance,Occasionally,strong,Somewhat improved,Somewhat helps,"Yes, certain areas",guidelines,8+ hours per week
334,Female,Engineering,Occasionally,strong,Somewhat improved,Strongly helps,"Yes, certain areas",guidelines,3-8 hours per week
335,Female,Business/Finance,Very frequently,strong,Somewhat improved,Somewhat helps,No,Unsure,3-8 hours per week
336,Female,Medicine/Healthcare,Very frequently,stronger,Significantly improved,Somewhat helps,"Yes, certain areas",restricted,0- 2 hours
337,Male,Business/Finance,Frequently,stronger,Significantly improved,Strongly helps,"Yes, certain areas",restricted,0- 2 hours
338,Female,Engineering,Occasionally,basic,Significantly improved,Somewhat helps,"Yes, significantly",guidelines,0- 2 hours
339,Female,Business/Finance,Frequently,strong,Significantly improved,Somewhat helps,"Yes, significantly",guidelines,3-8 hours per week
340,Male,Engineering,Very frequently,stronger,Significantly improved,Strongly helps,"Yes, certain areas",free,3-8 hours per week
341,Male,Engineering,Very frequently,strong,Significantly improved,Somewhat helps,"Yes, certain areas",guidelines,3-8 hours per week
342,Male,Computer Science/IT,Occasionally,strong,Somewhat improved,Strongly helps,No,free,8+ hours per week
343,Female,Engineering,Frequently,stronger,Significantly improved,Somewhat hinders,"Yes, significantly",guidelines,8+ hours per week
344,Male,Engineering,Occasionally,basic,No impact,No effect,"Yes, significantly",guidelines,3-8 hours per week
345,Male,Engineering,Frequently,basic,Somewhat improved,Strongly helps,"Yes, certain areas",restricted,8+ hours per week
346,Male,Engineering,Frequently,strong,Somewhat improved,Somewhat helps,"Yes, certain areas",free,3-8 hours per week
347,Female,Engineering,Rarely,basic,Somewhat decreased,Somewhat hinders,"Yes, certain areas",guidelines,8+ hours per week
348,Female,Other ,Very frequently,strong,Significantly improved,Somewhat helps,"Yes, certain areas",free,3-8 hours per week
349,Female,Medicine/Healthcare,Occasionally,basic,Significantly reduced,Somewhat helps,"Yes, certain areas",guidelines,3-8 hours per week
350,Female,Business/Finance,Frequently,strong,Significantly improved,Somewhat helps,"Yes, certain areas",guidelines,3-8 hours per week
351,Male,Engineering,Frequently,stronger,Somewhat decreased,Somewhat hinders,"Yes, significantly",restricted,8+ hours per week
352,Prefer not to state,Business/Finance,Occasionally,strong,Significantly improved,Somewhat helps,"Yes, certain areas",guidelines,8+ hours per week
353,Female,Engineering,Very frequently,stronger,Significantly improved,Strongly helps,"Yes, certain areas",guidelines,0- 2 hours
354,Male,Computer Science/IT,Very frequently,stronger,Significantly improved,Strongly helps,"Yes, certain areas",guidelines,8+ hours per week
355,Male,Engineering,Frequently,strong,Somewhat improved,No effect,"Yes, certain areas",free,3-8 hours per week
356,Male,Business/Finance,Very frequently,stronger,Significantly improved,Strongly helps,"Yes, significantly",free,3-8 hours per week
357,Female,Engineering,Occasionally,strong,Significantly improved,Strongly helps,"Yes, certain areas",free,3-8 hours per week
358,Female,Medicine/Healthcare,Frequently,strong,Somewhat improved,No effect,No,guidelines,8+ hours per week
359,Female,Medicine/Healthcare,Rarely,basic,Somewhat improved,Somewhat hinders,"Yes, significantly",guidelines,8+ hours per week
360,Female,Business/Finance,Rarely,basic,Significantly improved,Strongly helps,No,guidelines,3-8 hours per week
361,Female,Computer Science/IT,Occasionally,strong,Significantly improved,Strongly helps,No,restricted,3-8 hours per week
362,Prefer not to state,Engineering,Never,basic,No impact,Strongly hinders,"Yes, significantly",restricted,0- 2 hours
363,Male,Engineering,Frequently,stronger,Somewhat improved,Somewhat helps,"Yes, certain areas",guidelines,3-8 hours per week
364,Female,Business/Finance,Frequently,strong,Significantly improved,Somewhat helps,No,guidelines,0- 2 hours
365,Male,Engineering,Rarely,basic,Somewhat improved,Somewhat helps,"Yes, significantly",guidelines,0- 2 hours
366,Female,Business/Finance,Very frequently,basic,Significantly improved,Somewhat helps,"Yes, significantly",guidelines,8+ hours per week
367,Female,Business/Finance,Frequently,strong,Significantly improved,Strongly helps,"Yes, certain areas",guidelines,0- 2 hours
368,Female,Business/Finance,Occasionally,basic,Somewhat improved,Somewhat helps,"Yes, significantly",restricted,8+ hours per week
369,Male,Engineering,Frequently,strong,Significantly improved,Somewhat helps,"Yes, certain areas",restricted,8+ hours per week
370,Male,Computer Science/IT,Very frequently,strong,Somewhat improved,Somewhat hinders,"Yes, certain areas",restricted,8+ hours per week
371,Male,Computer Science/IT,Very frequently,stronger,Significantly improved,Strongly helps,"Yes, certain areas",free,3-8 hours per week
372,Female,Medicine/Healthcare,Frequently,strong,Somewhat improved,Somewhat helps,"Yes, significantly",guidelines,8+ hours per week
373,Female,Medicine/Healthcare,Occasionally,basic,Significantly improved,Strongly helps,No,guidelines,0- 2 hours
374,Female,Business/Finance,Frequently,stronger,Significantly improved,Strongly helps,"Yes, significantly",guidelines,8+ hours per week
375,Female,Business/Finance,Occasionally,strong,Somewhat improved,Somewhat helps,"Yes, certain areas",guidelines,8+ hours per week
376,Female,Business/Finance,Frequently,basic,Significantly improved,Somewhat helps,"Yes, certain areas",restricted,0- 2 hours
377,Male,Business/Finance,Frequently,strong,Somewhat decreased,No effect,"Yes, certain areas",free,0- 2 hours
378,Female,Computer Science/IT,Frequently,strong,Somewhat improved,Somewhat hinders,No,guidelines,3-8 hours per week
379,Male,Business/Finance,Rarely,basic,Somewhat improved,Somewhat helps,"Yes, certain areas",guidelines,3-8 hours per week
380,Female,Medicine/Healthcare,Frequently,stronger,Significantly improved,Strongly helps,"Yes, significantly",Unsure,8+ hours per week
381,Male,Business/Finance,Frequently,strong,Somewhat improved,Strongly helps,No,guidelines,3-8 hours per week
382,Female,Engineering,Frequently,stronger,Somewhat improved,Somewhat helps,"Yes, significantly",free,8+ hours per week
383,Female,Medicine/Healthcare,Frequently,basic,Somewhat improved,Somewhat helps,"Yes, certain areas",guidelines,8+ hours per week
384,Female,Engineering,Occasionally,basic,No impact,Strongly hinders,"Yes, significantly",guidelines,0- 2 hours
385,Male,Computer Science/IT,Very frequently,strong,Somewhat improved,No effect,"Yes, significantly",free,3-8 hours per week
386,Female,Business/Finance,Frequently,basic,Significantly improved,Somewhat helps,"Yes, certain areas",Unsure,8+ hours per week
387,Male,Computer Science/IT,Occasionally,strong,Somewhat improved,Somewhat hinders,"Yes, certain areas",restricted,3-8 hours per week
388,Male,Engineering,Frequently,stronger,Somewhat decreased,Somewhat helps,"Yes, certain areas",Unsure,3-8 hours per week
389,Female,Medicine/Healthcare,Frequently,stronger,Significantly improved,Strongly helps,"Yes, certain areas",guidelines,8+ hours per week
390,Female,Business/Finance,Very frequently,stronger,Significantly improved,Strongly helps,"Yes, certain areas",guidelines,8+ hours per week
391,Female,Engineering,Very frequently,stronger,Significantly improved,Strongly helps,"Yes, certain areas",free,8+ hours per week
392,Female,Business/Finance,Very frequently,strong,No impact,Somewhat helps,"Yes, certain areas",guidelines,3-8 hours per week
393,Male,Engineering,Occasionally,strong,No impact,No effect,"Yes, certain areas",restricted,0- 2 hours
394,Male,Computer Science/IT,Rarely,basic,Somewhat decreased,Somewhat hinders,"Yes, certain areas",restricted,8+ hours per week
395,Male,Engineering,Very frequently,strong,Significantly improved,Somewhat helps,"Yes, certain areas",free,8+ hours per week
396,Female,Computer Science/IT,Occasionally,stronger,Significantly improved,Somewhat helps,"Yes, significantly",restricted,3-8 hours per week
397,Female,Computer Science/IT,Very frequently,stronger,Somewhat improved,Somewhat helps,"Yes, significantly",guidelines,8+ hours per week
398,Male,Business/Finance,Very frequently,strong,Significantly improved,Strongly helps,"Yes, significantly",guidelines,3-8 hours per week
399,Female,Business/Finance,Very frequently,stronger,Significantly improved,Strongly helps,"Yes, certain areas",guidelines,8+ hours per week
400,Female,Business/Finance,Very frequently,strong,Somewhat decreased,Somewhat hinders,"Yes, significantly",restricted,8+ hours per week
401,Male,Business/Finance,Very frequently,stronger,Somewhat improved,Somewhat helps,"Yes, significantly",guidelines,3-8 hours per week
402,Male,Engineering,Frequently,basic,Significantly improved,No effect,No,free,3-8 hours per week
403,Female,Business/Finance,Occasionally,strong,Somewhat improved,Somewhat hinders,"Yes, significantly",guidelines,8+ hours per week
404,Female,Computer Science/IT,Frequently,strong,Somewhat improved,Somewhat helps,"Yes, significantly",free,8+ hours per week
405,Female,Medicine/Healthcare,Frequently,strong,Significantly improved,Somewhat helps,"Yes, significantly",free,8+ hours per week
406,Male,Computer Science/IT,Frequently,strong,Somewhat improved,Somewhat helps,"Yes, significantly",restricted,8+ hours per week
407,Female,Business/Finance,Frequently,strong,Somewhat decreased,Somewhat helps,"Yes, certain areas",restricted,8+ hours per week
408,Male,Engineering,Very frequently,basic,Significantly improved,Strongly helps,No,guidelines,8+ hours per week
409,Male,Engineering,Occasionally,strong,No impact,Strongly helps,"Yes, certain areas",guidelines,3-8 hours per week
410,Female,Computer Science/IT,Very frequently,stronger,Significantly improved,Strongly helps,"Yes, certain areas",guidelines,8+ hours per week
